N,expert_pool,flush_mb,path,comparison,transport,method,seeds,live_experts_min,live_experts_max,tokens_per_live_expert_min,tokens_per_live_expert_max,median_ms,min_ms,max_ms,standard_baseline,tma_baseline_median_ms,median_speedup_vs_tma,median_time_reduction_vs_tma_pct,transport_no_pf_baseline,median_speedup_vs_transport_no_pf,median_time_reduction_vs_transport_no_pf_pct
256,128,0,actcomp,actcomp_packed_smem_producer,cta_nc,no_pf_cta_nc_actcomp_smem,3,128,128,6,27,3.261456,3.255408,3.262144,no_pf_tma_smem,3.422208,1.049288,4.6973,no_pf_cta_nc_actcomp_smem,1.000000,0.0000
256,128,0,actcomp,actcomp_packed_smem_producer,cta_nc,pf128_current_cta_nc_actcomp_smem,3,128,128,6,27,3.244000,3.230976,3.246592,no_pf_tma_smem,3.422208,1.054935,5.2074,no_pf_cta_nc_actcomp_smem,1.005381,0.5352
256,128,0,actcomp,actcomp_packed_smem_producer,cta_nc,pf32x4_current_cta_nc_actcomp_smem,3,128,128,6,27,3.254800,3.245520,3.259888,no_pf_tma_smem,3.422208,1.049793,4.7431,no_pf_cta_nc_actcomp_smem,1.000481,0.0481
256,128,0,actcomp,actcomp_packed_smem_producer,cta_nc,pf32x4_current_wait0_cta_nc_actcomp_smem,3,128,128,6,27,3.300016,3.277776,3.303072,no_pf_tma_smem,3.422208,1.037028,3.5706,no_pf_cta_nc_actcomp_smem,0.988315,-1.1823
256,128,0,actcomp,actcomp_packed_smem_producer,tma,no_pf_tma_smem,3,128,128,6,27,3.422208,3.400432,3.430832,no_pf_tma_smem,3.422208,1.000000,0.0000,no_pf_tma_smem,1.000000,0.0000
256,128,0,actcomp,actcomp_packed_smem_producer,tma,pf128_current_tma_smem,3,128,128,6,27,3.445568,3.435968,3.456576,no_pf_tma_smem,3.422208,0.992552,-0.7504,no_pf_tma_smem,0.992552,-0.7504
256,128,0,actcomp,actcomp_packed_smem_producer,tma,pf32x4_current_tma_smem,3,128,128,6,27,3.432880,3.401312,3.433200,no_pf_tma_smem,3.422208,0.999310,-0.0690,no_pf_tma_smem,0.999310,-0.0690
256,128,0,actcomp,actcomp_packed_smem_producer,tma,pf32x4_current_wait0_tma_smem,3,128,128,6,27,3.441648,3.437168,3.443344,no_pf_tma_smem,3.422208,0.993862,-0.6176,no_pf_tma_smem,0.993862,-0.6176
256,128,0,actcomp,actcomp_packed_smem_producer,tma,pf64x2_current_tma_smem,3,128,128,6,27,3.429744,3.405312,3.430368,no_pf_tma_smem,3.422208,0.998567,-0.1435,no_pf_tma_smem,0.998567,-0.1435
256,128,128,actcomp,actcomp_packed_smem_producer,cta_nc,no_pf_cta_nc_actcomp_smem,3,128,128,6,27,3.290064,3.277408,3.290768,no_pf_tma_smem,3.466064,1.053818,5.1070,no_pf_cta_nc_actcomp_smem,1.000000,0.0000
256,128,128,actcomp,actcomp_packed_smem_producer,cta_nc,pf128_current_cta_nc_actcomp_smem,3,128,128,6,27,3.267424,3.265408,3.284064,no_pf_tma_smem,3.466064,1.055970,5.3003,no_pf_cta_nc_actcomp_smem,1.003675,0.3661
256,128,128,actcomp,actcomp_packed_smem_producer,cta_nc,pf32x4_current_cta_nc_actcomp_smem,3,128,128,6,27,3.288400,3.281248,3.298016,no_pf_tma_smem,3.466064,1.051502,4.8980,no_pf_cta_nc_actcomp_smem,0.998830,-0.1172
256,128,128,actcomp,actcomp_packed_smem_producer,cta_nc,pf32x4_current_wait0_cta_nc_actcomp_smem,3,128,128,6,27,3.338320,3.315360,3.338944,no_pf_tma_smem,3.466064,1.038808,3.7358,no_pf_cta_nc_actcomp_smem,0.985756,-1.4450
256,128,128,actcomp,actcomp_packed_smem_producer,tma,no_pf_tma_smem,3,128,128,6,27,3.466064,3.441280,3.467872,no_pf_tma_smem,3.466064,1.000000,0.0000,no_pf_tma_smem,1.000000,0.0000
256,128,128,actcomp,actcomp_packed_smem_producer,tma,pf128_current_tma_smem,3,128,128,6,27,3.474976,3.462240,3.483440,no_pf_tma_smem,3.466064,0.995531,-0.4489,no_pf_tma_smem,0.995531,-0.4489
256,128,128,actcomp,actcomp_packed_smem_producer,tma,pf32x4_current_tma_smem,3,128,128,6,27,3.445968,3.422960,3.461264,no_pf_tma_smem,3.466064,1.001909,0.1905,no_pf_tma_smem,1.001909,0.1905
256,128,128,actcomp,actcomp_packed_smem_producer,tma,pf32x4_current_wait0_tma_smem,3,128,128,6,27,3.472768,3.444944,3.474192,no_pf_tma_smem,3.466064,0.998181,-0.1822,no_pf_tma_smem,0.998181,-0.1822
256,128,128,actcomp,actcomp_packed_smem_producer,tma,pf64x2_current_tma_smem,3,128,128,6,27,3.442304,3.432160,3.457856,no_pf_tma_smem,3.466064,1.002897,0.2888,no_pf_tma_smem,1.002897,0.2888
256,128,512,actcomp,actcomp_packed_smem_producer,cta_nc,no_pf_cta_nc_actcomp_smem,3,128,128,6,27,3.298128,3.291568,3.301952,no_pf_tma_smem,3.456976,1.046949,4.4844,no_pf_cta_nc_actcomp_smem,1.000000,0.0000
256,128,512,actcomp,actcomp_packed_smem_producer,cta_nc,pf128_current_cta_nc_actcomp_smem,3,128,128,6,27,3.269664,3.265280,3.290688,no_pf_tma_smem,3.456976,1.056522,5.3498,no_pf_cta_nc_actcomp_smem,1.009875,0.9778
256,128,512,actcomp,actcomp_packed_smem_producer,cta_nc,pf32x4_current_cta_nc_actcomp_smem,3,128,128,6,27,3.277872,3.274640,3.300928,no_pf_tma_smem,3.456976,1.052463,4.9848,no_pf_cta_nc_actcomp_smem,1.006180,0.6142
256,128,512,actcomp,actcomp_packed_smem_producer,cta_nc,pf32x4_current_wait0_cta_nc_actcomp_smem,3,128,128,6,27,3.315248,3.307984,3.333616,no_pf_tma_smem,3.456976,1.042750,4.0998,no_pf_cta_nc_actcomp_smem,0.995989,-0.4027
256,128,512,actcomp,actcomp_packed_smem_producer,tma,no_pf_tma_smem,3,128,128,6,27,3.456976,3.449840,3.464528,no_pf_tma_smem,3.456976,1.000000,0.0000,no_pf_tma_smem,1.000000,0.0000
256,128,512,actcomp,actcomp_packed_smem_producer,tma,pf128_current_tma_smem,3,128,128,6,27,3.476448,3.462048,3.481168,no_pf_tma_smem,3.456976,0.996474,-0.3539,no_pf_tma_smem,0.996474,-0.3539
256,128,512,actcomp,actcomp_packed_smem_producer,tma,pf32x4_current_tma_smem,3,128,128,6,27,3.456560,3.436160,3.461456,no_pf_tma_smem,3.456976,1.000887,0.0887,no_pf_tma_smem,1.000887,0.0887
256,128,512,actcomp,actcomp_packed_smem_producer,tma,pf32x4_current_wait0_tma_smem,3,128,128,6,27,3.471168,3.467888,3.473856,no_pf_tma_smem,3.456976,0.995141,-0.4883,no_pf_tma_smem,0.995141,-0.4883
256,128,512,actcomp,actcomp_packed_smem_producer,tma,pf64x2_current_tma_smem,3,128,128,6,27,3.455680,3.430496,3.466240,no_pf_tma_smem,3.456976,1.000375,0.0375,no_pf_tma_smem,1.000375,0.0375
256,384,0,actcomp,actcomp_packed_smem_producer,cta_nc,no_pf_cta_nc_actcomp_smem,3,382,383,1,14,10.281616,10.280624,10.291920,no_pf_tma_smem,10.380272,1.009041,0.8960,no_pf_cta_nc_actcomp_smem,1.000000,0.0000
256,384,0,actcomp,actcomp_packed_smem_producer,cta_nc,pf128_current_cta_nc_actcomp_smem,3,382,383,1,14,10.129072,10.120768,10.133520,no_pf_tma_smem,10.380272,1.025641,2.5000,no_pf_cta_nc_actcomp_smem,1.014962,1.4742
256,384,0,actcomp,actcomp_packed_smem_producer,cta_nc,pf32x4_current_cta_nc_actcomp_smem,3,382,383,1,14,10.017120,10.009953,10.018832,no_pf_tma_smem,10.380272,1.036253,3.4985,no_pf_cta_nc_actcomp_smem,1.027139,2.6422
256,384,0,actcomp,actcomp_packed_smem_producer,cta_nc,pf32x4_current_wait0_cta_nc_actcomp_smem,3,382,383,1,14,10.133008,10.117056,10.135360,no_pf_tma_smem,10.380272,1.026017,2.5357,no_pf_cta_nc_actcomp_smem,1.014568,1.4359
256,384,0,actcomp,actcomp_packed_smem_producer,tma,no_pf_tma_smem,3,382,383,1,14,10.380272,10.373568,10.477280,no_pf_tma_smem,10.380272,1.000000,0.0000,no_pf_tma_smem,1.000000,0.0000
256,384,0,actcomp,actcomp_packed_smem_producer,tma,pf128_current_tma_smem,3,382,383,1,14,10.012560,10.008416,10.048609,no_pf_tma_smem,10.380272,1.036725,3.5424,no_pf_tma_smem,1.036725,3.5424
256,384,0,actcomp,actcomp_packed_smem_producer,tma,pf32x4_current_tma_smem,3,382,383,1,14,9.933104,9.916416,10.009439,no_pf_tma_smem,10.380272,1.046101,4.4069,no_pf_tma_smem,1.046101,4.4069
256,384,0,actcomp,actcomp_packed_smem_producer,tma,pf32x4_current_wait0_tma_smem,3,382,383,1,14,10.083968,10.059632,10.124928,no_pf_tma_smem,10.380272,1.031208,3.0263,no_pf_tma_smem,1.031208,3.0263
256,384,0,actcomp,actcomp_packed_smem_producer,tma,pf64x2_current_tma_smem,3,382,383,1,14,9.925312,9.917920,9.994192,no_pf_tma_smem,10.380272,1.045942,4.3924,no_pf_tma_smem,1.045942,4.3924
256,384,128,actcomp,actcomp_packed_smem_producer,cta_nc,no_pf_cta_nc_actcomp_smem,3,382,383,1,14,10.319584,10.291568,10.322160,no_pf_tma_smem,10.452991,1.012675,1.2516,no_pf_cta_nc_actcomp_smem,1.000000,0.0000
256,384,128,actcomp,actcomp_packed_smem_producer,cta_nc,pf128_current_cta_nc_actcomp_smem,3,382,383,1,14,10.164881,10.144176,10.167313,no_pf_tma_smem,10.452991,1.028344,2.7562,no_pf_cta_nc_actcomp_smem,1.014977,1.4756
256,384,128,actcomp,actcomp_packed_smem_producer,cta_nc,pf32x4_current_cta_nc_actcomp_smem,3,382,383,1,14,9.748112,9.709760,9.998304,no_pf_tma_smem,10.452991,1.067019,6.2810,no_pf_cta_nc_actcomp_smem,1.058624,5.5377
256,384,128,actcomp,actcomp_packed_smem_producer,cta_nc,pf32x4_current_wait0_cta_nc_actcomp_smem,3,382,383,1,14,10.158049,10.147088,10.178704,no_pf_tma_smem,10.452991,1.029035,2.8216,no_pf_cta_nc_actcomp_smem,1.014239,1.4039
256,384,128,actcomp,actcomp_packed_smem_producer,tma,no_pf_tma_smem,3,382,383,1,14,10.452991,10.401424,10.509184,no_pf_tma_smem,10.452991,1.000000,0.0000,no_pf_tma_smem,1.000000,0.0000
256,384,128,actcomp,actcomp_packed_smem_producer,tma,pf128_current_tma_smem,3,382,383,1,14,10.043712,10.031488,10.085983,no_pf_tma_smem,10.452991,1.040750,3.9154,no_pf_tma_smem,1.040750,3.9154
256,384,128,actcomp,actcomp_packed_smem_producer,tma,pf32x4_current_tma_smem,3,382,383,1,14,9.958609,9.923248,9.994944,no_pf_tma_smem,10.452991,1.049644,4.7296,no_pf_tma_smem,1.049644,4.7296
256,384,128,actcomp,actcomp_packed_smem_producer,tma,pf32x4_current_wait0_tma_smem,3,382,383,1,14,10.114767,10.083967,10.123744,no_pf_tma_smem,10.452991,1.033439,3.2357,no_pf_tma_smem,1.033439,3.2357
256,384,128,actcomp,actcomp_packed_smem_producer,tma,pf64x2_current_tma_smem,3,382,383,1,14,9.950975,9.934432,9.989489,no_pf_tma_smem,10.452991,1.050449,4.8026,no_pf_tma_smem,1.050449,4.8026
256,384,512,actcomp,actcomp_packed_smem_producer,cta_nc,no_pf_cta_nc_actcomp_smem,3,382,383,1,14,10.312352,10.304960,10.319857,no_pf_tma_smem,10.439968,1.011639,1.1505,no_pf_cta_nc_actcomp_smem,1.000000,0.0000
256,384,512,actcomp,actcomp_packed_smem_producer,cta_nc,pf128_current_cta_nc_actcomp_smem,3,382,383,1,14,10.163200,10.152544,10.165695,no_pf_tma_smem,10.439968,1.027232,2.6510,no_pf_cta_nc_actcomp_smem,1.015013,1.4791
256,384,512,actcomp,actcomp_packed_smem_producer,cta_nc,pf32x4_current_cta_nc_actcomp_smem,3,382,383,1,14,9.913680,9.697648,9.987265,no_pf_tma_smem,10.439968,1.050035,4.7651,no_pf_cta_nc_actcomp_smem,1.040214,3.8660
256,384,512,actcomp,actcomp_packed_smem_producer,cta_nc,pf32x4_current_wait0_cta_nc_actcomp_smem,3,382,383,1,14,10.164768,10.153056,10.180256,no_pf_tma_smem,10.439968,1.027074,2.6360,no_pf_cta_nc_actcomp_smem,1.014961,1.4741
256,384,512,actcomp,actcomp_packed_smem_producer,tma,no_pf_tma_smem,3,382,383,1,14,10.439968,10.391008,10.486976,no_pf_tma_smem,10.439968,1.000000,0.0000,no_pf_tma_smem,1.000000,0.0000
256,384,512,actcomp,actcomp_packed_smem_producer,tma,pf128_current_tma_smem,3,382,383,1,14,10.058624,10.044111,10.060287,no_pf_tma_smem,10.439968,1.037741,3.6368,no_pf_tma_smem,1.037741,3.6368
256,384,512,actcomp,actcomp_packed_smem_producer,tma,pf32x4_current_tma_smem,3,382,383,1,14,9.961088,9.927649,10.001743,no_pf_tma_smem,10.439968,1.048075,4.5870,no_pf_tma_smem,1.048075,4.5870
256,384,512,actcomp,actcomp_packed_smem_producer,tma,pf32x4_current_wait0_tma_smem,3,382,383,1,14,10.123248,10.095296,10.128560,no_pf_tma_smem,10.439968,1.031286,3.0337,no_pf_tma_smem,1.031286,3.0337
256,384,512,actcomp,actcomp_packed_smem_producer,tma,pf64x2_current_tma_smem,3,382,383,1,14,9.955808,9.952831,9.998016,no_pf_tma_smem,10.439968,1.048631,4.6376,no_pf_tma_smem,1.048631,4.6376
512,128,0,actcomp,actcomp_packed_smem_producer,cta_nc,no_pf_cta_nc_actcomp_smem,3,128,128,18,50,3.952144,3.950160,3.965664,no_pf_tma_smem,4.185328,1.058315,5.5101,no_pf_cta_nc_actcomp_smem,1.000000,0.0000
512,128,0,actcomp,actcomp_packed_smem_producer,cta_nc,pf128_current_cta_nc_actcomp_smem,3,128,128,18,50,4.042784,4.025952,4.085024,no_pf_tma_smem,4.185328,1.035259,3.4058,no_pf_cta_nc_actcomp_smem,0.980924,-1.9447
512,128,0,actcomp,actcomp_packed_smem_producer,cta_nc,pf32x4_current_cta_nc_actcomp_smem,3,128,128,18,50,4.099280,4.083680,4.110192,no_pf_tma_smem,4.185328,1.021502,2.1050,no_pf_cta_nc_actcomp_smem,0.964837,-3.6445
512,128,0,actcomp,actcomp_packed_smem_producer,cta_nc,pf32x4_current_wait0_cta_nc_actcomp_smem,3,128,128,18,50,4.069472,4.049104,4.072864,no_pf_tma_smem,4.185328,1.028985,2.8168,no_pf_cta_nc_actcomp_smem,0.973679,-2.7032
512,128,0,actcomp,actcomp_packed_smem_producer,tma,no_pf_tma_smem,3,128,128,18,50,4.185328,4.180512,4.187424,no_pf_tma_smem,4.185328,1.000000,0.0000,no_pf_tma_smem,1.000000,0.0000
512,128,0,actcomp,actcomp_packed_smem_producer,tma,pf128_current_tma_smem,3,128,128,18,50,4.173392,4.147856,4.173888,no_pf_tma_smem,4.185328,1.003243,0.3233,no_pf_tma_smem,1.003243,0.3233
512,128,0,actcomp,actcomp_packed_smem_producer,tma,pf32x4_current_tma_smem,3,128,128,18,50,4.106208,4.103840,4.128976,no_pf_tma_smem,4.185328,1.019779,1.9395,no_pf_tma_smem,1.019779,1.9395
512,128,0,actcomp,actcomp_packed_smem_producer,tma,pf32x4_current_wait0_tma_smem,3,128,128,18,50,4.170976,4.162288,4.184352,no_pf_tma_smem,4.185328,1.002286,0.2281,no_pf_tma_smem,1.002286,0.2281
512,128,0,actcomp,actcomp_packed_smem_producer,tma,pf64x2_current_tma_smem,3,128,128,18,50,4.117376,4.111616,4.117728,no_pf_tma_smem,4.185328,1.016504,1.6236,no_pf_tma_smem,1.016504,1.6236
512,128,128,actcomp,actcomp_packed_smem_producer,cta_nc,no_pf_cta_nc_actcomp_smem,3,128,128,18,50,3.989808,3.979680,3.993024,no_pf_tma_smem,4.205504,1.053642,5.0911,no_pf_cta_nc_actcomp_smem,1.000000,0.0000
512,128,128,actcomp,actcomp_packed_smem_producer,cta_nc,pf128_current_cta_nc_actcomp_smem,3,128,128,18,50,4.091552,4.039824,4.092256,no_pf_tma_smem,4.205504,1.028269,2.7492,no_pf_cta_nc_actcomp_smem,0.975919,-2.4675
512,128,128,actcomp,actcomp_packed_smem_producer,cta_nc,pf32x4_current_cta_nc_actcomp_smem,3,128,128,18,50,4.096160,4.093632,4.109552,no_pf_tma_smem,4.205504,1.026694,2.6000,no_pf_cta_nc_actcomp_smem,0.971564,-2.9269
512,128,128,actcomp,actcomp_packed_smem_producer,cta_nc,pf32x4_current_wait0_cta_nc_actcomp_smem,3,128,128,18,50,4.083648,4.059824,4.087728,no_pf_tma_smem,4.205504,1.030259,2.9370,no_pf_cta_nc_actcomp_smem,0.977808,-2.2696
512,128,128,actcomp,actcomp_packed_smem_producer,tma,no_pf_tma_smem,3,128,128,18,50,4.205504,4.202080,4.207216,no_pf_tma_smem,4.205504,1.000000,0.0000,no_pf_tma_smem,1.000000,0.0000
512,128,128,actcomp,actcomp_packed_smem_producer,tma,pf128_current_tma_smem,3,128,128,18,50,4.178816,4.139968,4.183536,no_pf_tma_smem,4.205504,1.006796,0.6750,no_pf_tma_smem,1.006796,0.6750
512,128,128,actcomp,actcomp_packed_smem_producer,tma,pf32x4_current_tma_smem,3,128,128,18,50,4.093520,4.089488,4.119552,no_pf_tma_smem,4.205504,1.026520,2.5835,no_pf_tma_smem,1.026520,2.5835
512,128,128,actcomp,actcomp_packed_smem_producer,tma,pf32x4_current_wait0_tma_smem,3,128,128,18,50,4.168352,4.167904,4.185024,no_pf_tma_smem,4.205504,1.008091,0.8027,no_pf_tma_smem,1.008091,0.8027
512,128,128,actcomp,actcomp_packed_smem_producer,tma,pf64x2_current_tma_smem,3,128,128,18,50,4.107104,4.089312,4.110736,no_pf_tma_smem,4.205504,1.023125,2.2602,no_pf_tma_smem,1.023125,2.2602
512,128,512,actcomp,actcomp_packed_smem_producer,cta_nc,no_pf_cta_nc_actcomp_smem,3,128,128,18,50,3.987952,3.985600,3.994320,no_pf_tma_smem,4.196832,1.052378,4.9771,no_pf_cta_nc_actcomp_smem,1.000000,0.0000
512,128,512,actcomp,actcomp_packed_smem_producer,cta_nc,pf128_current_cta_nc_actcomp_smem,3,128,128,18,50,4.080880,4.051616,4.083376,no_pf_tma_smem,4.196832,1.028413,2.7628,no_pf_cta_nc_actcomp_smem,0.978191,-2.2296
512,128,512,actcomp,actcomp_packed_smem_producer,cta_nc,pf32x4_current_cta_nc_actcomp_smem,3,128,128,18,50,4.101280,4.097472,4.117296,no_pf_tma_smem,4.196832,1.024249,2.3675,no_pf_cta_nc_actcomp_smem,0.971794,-2.9024
512,128,512,actcomp,actcomp_packed_smem_producer,cta_nc,pf32x4_current_wait0_cta_nc_actcomp_smem,3,128,128,18,50,4.078992,4.063872,4.084416,no_pf_tma_smem,4.196832,1.028889,2.8078,no_pf_cta_nc_actcomp_smem,0.977942,-2.2556
512,128,512,actcomp,actcomp_packed_smem_producer,tma,no_pf_tma_smem,3,128,128,18,50,4.196832,4.196816,4.201488,no_pf_tma_smem,4.196832,1.000000,0.0000,no_pf_tma_smem,1.000000,0.0000
512,128,512,actcomp,actcomp_packed_smem_producer,tma,pf128_current_tma_smem,3,128,128,18,50,4.168848,4.147392,4.178432,no_pf_tma_smem,4.196832,1.007830,0.7769,no_pf_tma_smem,1.007830,0.7769
512,128,512,actcomp,actcomp_packed_smem_producer,tma,pf32x4_current_tma_smem,3,128,128,18,50,4.088224,4.082256,4.115616,no_pf_tma_smem,4.196832,1.026562,2.5875,no_pf_tma_smem,1.026562,2.5875
512,128,512,actcomp,actcomp_packed_smem_producer,tma,pf32x4_current_wait0_tma_smem,3,128,128,18,50,4.176320,4.163856,4.191136,no_pf_tma_smem,4.196832,1.004912,0.4887,no_pf_tma_smem,1.004912,0.4887
512,128,512,actcomp,actcomp_packed_smem_producer,tma,pf64x2_current_tma_smem,3,128,128,18,50,4.100992,4.089216,4.113904,no_pf_tma_smem,4.196832,1.023366,2.2833,no_pf_tma_smem,1.023366,2.2833
512,384,0,actcomp,actcomp_packed_smem_producer,cta_nc,no_pf_cta_nc_actcomp_smem,3,384,384,3,25,12.250561,12.242111,12.336320,no_pf_tma_smem,12.667616,1.030768,2.9850,no_pf_cta_nc_actcomp_smem,1.000000,0.0000
512,384,0,actcomp,actcomp_packed_smem_producer,cta_nc,pf128_current_cta_nc_actcomp_smem,3,384,384,3,25,12.084703,12.065664,12.212064,no_pf_tma_smem,12.667616,1.046564,4.4492,no_pf_cta_nc_actcomp_smem,1.013025,1.2858
512,384,0,actcomp,actcomp_packed_smem_producer,cta_nc,pf32x4_current_cta_nc_actcomp_smem,3,384,384,3,25,11.870640,11.843103,12.002928,no_pf_tma_smem,12.667616,1.063758,5.9937,no_pf_cta_nc_actcomp_smem,1.032005,3.1013
512,384,0,actcomp,actcomp_packed_smem_producer,cta_nc,pf32x4_current_wait0_cta_nc_actcomp_smem,3,384,384,3,25,11.965055,11.962193,12.075184,no_pf_tma_smem,12.667616,1.055616,5.2686,no_pf_cta_nc_actcomp_smem,1.023155,2.2631
512,384,0,actcomp,actcomp_packed_smem_producer,tma,no_pf_tma_smem,3,384,384,3,25,12.667616,12.627488,12.710848,no_pf_tma_smem,12.667616,1.000000,0.0000,no_pf_tma_smem,1.000000,0.0000
512,384,0,actcomp,actcomp_packed_smem_producer,tma,pf128_current_tma_smem,3,384,384,3,25,12.072256,12.054288,12.141665,no_pf_tma_smem,12.667616,1.046878,4.4779,no_pf_tma_smem,1.046878,4.4779
512,384,0,actcomp,actcomp_packed_smem_producer,tma,pf32x4_current_tma_smem,3,384,384,3,25,11.874928,11.863487,11.982336,no_pf_tma_smem,12.667616,1.064399,6.0503,no_pf_tma_smem,1.064399,6.0503
512,384,0,actcomp,actcomp_packed_smem_producer,tma,pf32x4_current_wait0_tma_smem,3,384,384,3,25,12.150288,12.078720,12.172512,no_pf_tma_smem,12.667616,1.044226,4.2352,no_pf_tma_smem,1.044226,4.2352
512,384,0,actcomp,actcomp_packed_smem_producer,tma,pf64x2_current_tma_smem,3,384,384,3,25,11.877439,11.851040,11.957600,no_pf_tma_smem,12.667616,1.065517,6.1489,no_pf_tma_smem,1.065517,6.1489
512,384,128,actcomp,actcomp_packed_smem_producer,cta_nc,no_pf_cta_nc_actcomp_smem,3,384,384,3,25,12.282528,12.261007,12.355345,no_pf_tma_smem,12.658319,1.030492,2.9589,no_pf_cta_nc_actcomp_smem,1.000000,0.0000
512,384,128,actcomp,actcomp_packed_smem_producer,cta_nc,pf128_current_cta_nc_actcomp_smem,3,384,384,3,25,12.121103,12.081504,12.208752,no_pf_tma_smem,12.658319,1.044321,4.2440,no_pf_cta_nc_actcomp_smem,1.012007,1.1865
512,384,128,actcomp,actcomp_packed_smem_producer,cta_nc,pf32x4_current_cta_nc_actcomp_smem,3,384,384,3,25,11.919952,11.913216,12.016272,no_pf_tma_smem,12.658319,1.060445,5.6999,no_pf_cta_nc_actcomp_smem,1.029194,2.8366
512,384,128,actcomp,actcomp_packed_smem_producer,cta_nc,pf32x4_current_wait0_cta_nc_actcomp_smem,3,384,384,3,25,11.988512,11.974607,12.095088,no_pf_tma_smem,12.658319,1.055604,5.2675,no_pf_cta_nc_actcomp_smem,1.022730,2.2225
512,384,128,actcomp,actcomp_packed_smem_producer,tma,no_pf_tma_smem,3,384,384,3,25,12.658319,12.640448,12.732080,no_pf_tma_smem,12.658319,1.000000,0.0000,no_pf_tma_smem,1.000000,0.0000
512,384,128,actcomp,actcomp_packed_smem_producer,tma,pf128_current_tma_smem,3,384,384,3,25,12.111408,12.110144,12.184656,no_pf_tma_smem,12.658319,1.044927,4.2996,no_pf_tma_smem,1.044927,4.2996
512,384,128,actcomp,actcomp_packed_smem_producer,tma,pf32x4_current_tma_smem,3,384,384,3,25,11.919920,11.912656,12.008336,no_pf_tma_smem,12.658319,1.061094,5.7576,no_pf_tma_smem,1.061094,5.7576
512,384,128,actcomp,actcomp_packed_smem_producer,tma,pf32x4_current_wait0_tma_smem,3,384,384,3,25,12.157488,12.111456,12.209743,no_pf_tma_smem,12.658319,1.042780,4.1025,no_pf_tma_smem,1.042780,4.1025
512,384,128,actcomp,actcomp_packed_smem_producer,tma,pf64x2_current_tma_smem,3,384,384,3,25,11.921856,11.883137,11.999952,no_pf_tma_smem,12.658319,1.061774,5.8180,no_pf_tma_smem,1.061774,5.8180
512,384,512,actcomp,actcomp_packed_smem_producer,cta_nc,no_pf_cta_nc_actcomp_smem,3,384,384,3,25,12.287888,12.261040,12.369265,no_pf_tma_smem,12.661264,1.030267,2.9378,no_pf_cta_nc_actcomp_smem,1.000000,0.0000
512,384,512,actcomp,actcomp_packed_smem_producer,cta_nc,pf128_current_cta_nc_actcomp_smem,3,384,384,3,25,12.118032,12.079920,12.197424,no_pf_tma_smem,12.661264,1.044828,4.2905,no_pf_cta_nc_actcomp_smem,1.014088,1.3893
512,384,512,actcomp,actcomp_packed_smem_producer,cta_nc,pf32x4_current_cta_nc_actcomp_smem,3,384,384,3,25,11.882193,11.867249,12.023424,no_pf_tma_smem,12.661264,1.063594,5.9791,no_pf_cta_nc_actcomp_smem,1.033183,3.2117
512,384,512,actcomp,actcomp_packed_smem_producer,cta_nc,pf32x4_current_wait0_cta_nc_actcomp_smem,3,384,384,3,25,11.984560,11.979680,12.093328,no_pf_tma_smem,12.661264,1.054509,5.1691,no_pf_cta_nc_actcomp_smem,1.023486,2.2947
512,384,512,actcomp,actcomp_packed_smem_producer,tma,no_pf_tma_smem,3,384,384,3,25,12.661264,12.637824,12.743649,no_pf_tma_smem,12.661264,1.000000,0.0000,no_pf_tma_smem,1.000000,0.0000
512,384,512,actcomp,actcomp_packed_smem_producer,tma,pf128_current_tma_smem,3,384,384,3,25,12.124767,12.099968,12.183776,no_pf_tma_smem,12.661264,1.045952,4.3933,no_pf_tma_smem,1.045952,4.3933
512,384,512,actcomp,actcomp_packed_smem_producer,tma,pf32x4_current_tma_smem,3,384,384,3,25,11.921440,11.914703,12.025792,no_pf_tma_smem,12.661264,1.060691,5.7219,no_pf_tma_smem,1.060691,5.7219
512,384,512,actcomp,actcomp_packed_smem_producer,tma,pf32x4_current_wait0_tma_smem,3,384,384,3,25,12.159280,12.098976,12.218288,no_pf_tma_smem,12.661264,1.042998,4.1225,no_pf_tma_smem,1.042998,4.1225
512,384,512,actcomp,actcomp_packed_smem_producer,tma,pf64x2_current_tma_smem,3,384,384,3,25,11.927040,11.882015,12.001823,no_pf_tma_smem,12.661264,1.061809,5.8211,no_pf_tma_smem,1.061809,5.8211
8,128,0,actcomp,actcomp_packed_smem_producer,cta_nc,no_pf_cta_nc_actcomp_smem,3,51,53,1,3,1.888896,1.875648,1.910320,no_pf_tma_smem,2.035184,1.077446,7.1879,no_pf_cta_nc_actcomp_smem,1.000000,0.0000
8,128,0,actcomp,actcomp_packed_smem_producer,cta_nc,pf128_current_cta_nc_actcomp_smem,3,51,53,1,3,1.906016,1.902032,1.922208,no_pf_tma_smem,2.035184,1.067081,6.2864,no_pf_cta_nc_actcomp_smem,0.993094,-0.6954
8,128,0,actcomp,actcomp_packed_smem_producer,cta_nc,pf32x4_current_cta_nc_actcomp_smem,3,51,53,1,3,1.913584,1.901936,1.922448,no_pf_tma_smem,2.035184,1.066948,6.2747,no_pf_cta_nc_actcomp_smem,0.987099,-1.3070
8,128,0,actcomp,actcomp_packed_smem_producer,cta_nc,pf32x4_current_wait0_cta_nc_actcomp_smem,3,51,53,1,3,1.971552,1.953280,2.002256,no_pf_tma_smem,2.035184,1.032275,3.1266,no_pf_cta_nc_actcomp_smem,0.958076,-4.3759
8,128,0,actcomp,actcomp_packed_smem_producer,tma,no_pf_tma_smem,3,51,53,1,3,2.035184,2.030992,2.051152,no_pf_tma_smem,2.035184,1.000000,0.0000,no_pf_tma_smem,1.000000,0.0000
8,128,0,actcomp,actcomp_packed_smem_producer,tma,pf128_current_tma_smem,3,51,53,1,3,2.079376,2.073648,2.089504,no_pf_tma_smem,2.035184,0.981451,-1.8900,no_pf_tma_smem,0.981451,-1.8900
8,128,0,actcomp,actcomp_packed_smem_producer,tma,pf32x4_current_tma_smem,3,51,53,1,3,2.038528,2.034384,2.062960,no_pf_tma_smem,2.035184,0.998333,-0.1670,no_pf_tma_smem,0.998333,-0.1670
8,128,0,actcomp,actcomp_packed_smem_producer,tma,pf32x4_current_wait0_tma_smem,3,51,53,1,3,2.115392,2.109584,2.119008,no_pf_tma_smem,2.035184,0.962745,-3.8696,no_pf_tma_smem,0.962745,-3.8696
8,128,0,actcomp,actcomp_packed_smem_producer,tma,pf64x2_current_tma_smem,3,51,53,1,3,2.048432,2.038112,2.068352,no_pf_tma_smem,2.035184,0.993533,-0.6509,no_pf_tma_smem,0.993533,-0.6509
8,128,128,actcomp,actcomp_packed_smem_producer,cta_nc,no_pf_cta_nc_actcomp_smem,3,51,53,1,3,1.923936,1.906336,1.932944,no_pf_tma_smem,2.059136,1.074681,6.9492,no_pf_cta_nc_actcomp_smem,1.000000,0.0000
8,128,128,actcomp,actcomp_packed_smem_producer,cta_nc,pf128_current_cta_nc_actcomp_smem,3,51,53,1,3,1.932160,1.931872,1.953168,no_pf_tma_smem,2.059136,1.065717,6.1665,no_pf_cta_nc_actcomp_smem,0.989646,-1.0463
8,128,128,actcomp,actcomp_packed_smem_producer,cta_nc,pf32x4_current_cta_nc_actcomp_smem,3,51,53,1,3,1.938016,1.928784,1.950384,no_pf_tma_smem,2.059136,1.062497,5.8821,no_pf_cta_nc_actcomp_smem,0.991058,-0.9023
8,128,128,actcomp,actcomp_packed_smem_producer,cta_nc,pf32x4_current_wait0_cta_nc_actcomp_smem,3,51,53,1,3,2.010368,1.998736,2.054272,no_pf_tma_smem,2.059136,1.024258,2.3684,no_pf_cta_nc_actcomp_smem,0.953771,-4.8470
8,128,128,actcomp,actcomp_packed_smem_producer,tma,no_pf_tma_smem,3,51,53,1,3,2.059136,2.048704,2.084832,no_pf_tma_smem,2.059136,1.000000,0.0000,no_pf_tma_smem,1.000000,0.0000
8,128,128,actcomp,actcomp_packed_smem_producer,tma,pf128_current_tma_smem,3,51,53,1,3,2.092224,2.090528,2.110320,no_pf_tma_smem,2.059136,0.984984,-1.5245,no_pf_tma_smem,0.984984,-1.5245
8,128,128,actcomp,actcomp_packed_smem_producer,tma,pf32x4_current_tma_smem,3,51,53,1,3,2.068144,2.048672,2.089696,no_pf_tma_smem,2.059136,0.997672,-0.2333,no_pf_tma_smem,0.997672,-0.2333
8,128,128,actcomp,actcomp_packed_smem_producer,tma,pf32x4_current_wait0_tma_smem,3,51,53,1,3,2.126912,2.120992,2.135424,no_pf_tma_smem,2.059136,0.970836,-3.0040,no_pf_tma_smem,0.970836,-3.0040
8,128,128,actcomp,actcomp_packed_smem_producer,tma,pf64x2_current_tma_smem,3,51,53,1,3,2.077584,2.059936,2.101776,no_pf_tma_smem,2.059136,0.991938,-0.8127,no_pf_tma_smem,0.991938,-0.8127
8,128,512,actcomp,actcomp_packed_smem_producer,cta_nc,no_pf_cta_nc_actcomp_smem,3,51,53,1,3,1.905600,1.905136,1.927808,no_pf_tma_smem,2.066864,1.081237,7.5134,no_pf_cta_nc_actcomp_smem,1.000000,0.0000
8,128,512,actcomp,actcomp_packed_smem_producer,cta_nc,pf128_current_cta_nc_actcomp_smem,3,51,53,1,3,1.935984,1.928672,1.954032,no_pf_tma_smem,2.066864,1.067604,6.3323,no_pf_cta_nc_actcomp_smem,0.986580,-1.3603
8,128,512,actcomp,actcomp_packed_smem_producer,cta_nc,pf32x4_current_cta_nc_actcomp_smem,3,51,53,1,3,1.942048,1.931952,1.962176,no_pf_tma_smem,2.066864,1.064270,6.0389,no_pf_cta_nc_actcomp_smem,0.982485,-1.7828
8,128,512,actcomp,actcomp_packed_smem_producer,cta_nc,pf32x4_current_wait0_cta_nc_actcomp_smem,3,51,53,1,3,2.006992,1.995088,2.050704,no_pf_tma_smem,2.066864,1.029832,2.8968,no_pf_cta_nc_actcomp_smem,0.949481,-5.3207
8,128,512,actcomp,actcomp_packed_smem_producer,tma,no_pf_tma_smem,3,51,53,1,3,2.066864,2.059904,2.081504,no_pf_tma_smem,2.066864,1.000000,0.0000,no_pf_tma_smem,1.000000,0.0000
8,128,512,actcomp,actcomp_packed_smem_producer,tma,pf128_current_tma_smem,3,51,53,1,3,2.092704,2.086272,2.107600,no_pf_tma_smem,2.066864,0.987618,-1.2537,no_pf_tma_smem,0.987618,-1.2537
8,128,512,actcomp,actcomp_packed_smem_producer,tma,pf32x4_current_tma_smem,3,51,53,1,3,2.060832,2.051056,2.074080,no_pf_tma_smem,2.066864,1.003579,0.3567,no_pf_tma_smem,1.003579,0.3567
8,128,512,actcomp,actcomp_packed_smem_producer,tma,pf32x4_current_wait0_tma_smem,3,51,53,1,3,2.126688,2.125456,2.135552,no_pf_tma_smem,2.066864,0.971870,-2.8944,no_pf_tma_smem,0.971870,-2.8944
8,128,512,actcomp,actcomp_packed_smem_producer,tma,pf64x2_current_tma_smem,3,51,53,1,3,2.076960,2.067120,2.092704,no_pf_tma_smem,2.066864,0.995139,-0.4885,no_pf_tma_smem,0.995139,-0.4885
8,384,0,actcomp,actcomp_packed_smem_producer,cta_nc,no_pf_cta_nc_actcomp_smem,3,58,60,1,2,2.005872,1.953648,2.018016,no_pf_tma_smem,2.102848,1.048346,4.6117,no_pf_cta_nc_actcomp_smem,1.000000,0.0000
8,384,0,actcomp,actcomp_packed_smem_producer,cta_nc,pf128_current_cta_nc_actcomp_smem,3,58,60,1,2,2.018064,1.991360,2.040688,no_pf_tma_smem,2.102848,1.042013,4.0319,no_pf_cta_nc_actcomp_smem,0.988890,-1.1235
8,384,0,actcomp,actcomp_packed_smem_producer,cta_nc,pf32x4_current_cta_nc_actcomp_smem,3,58,60,1,2,2.037120,2.010912,2.037360,no_pf_tma_smem,2.102848,1.034983,3.3800,no_pf_cta_nc_actcomp_smem,0.984545,-1.5698
8,384,0,actcomp,actcomp_packed_smem_producer,cta_nc,pf32x4_current_wait0_cta_nc_actcomp_smem,3,58,60,1,2,2.117360,2.083936,2.121232,no_pf_tma_smem,2.102848,0.993943,-0.6094,no_pf_cta_nc_actcomp_smem,0.947346,-5.5581
8,384,0,actcomp,actcomp_packed_smem_producer,tma,no_pf_tma_smem,3,58,60,1,2,2.102848,2.097280,2.108384,no_pf_tma_smem,2.102848,1.000000,0.0000,no_pf_tma_smem,1.000000,0.0000
8,384,0,actcomp,actcomp_packed_smem_producer,tma,pf128_current_tma_smem,3,58,60,1,2,2.114352,2.110496,2.118880,no_pf_tma_smem,2.102848,0.993738,-0.6301,no_pf_tma_smem,0.993738,-0.6301
8,384,0,actcomp,actcomp_packed_smem_producer,tma,pf32x4_current_tma_smem,3,58,60,1,2,2.096896,2.096880,2.098880,no_pf_tma_smem,2.102848,1.001891,0.1887,no_pf_tma_smem,1.001891,0.1887
8,384,0,actcomp,actcomp_packed_smem_producer,tma,pf32x4_current_wait0_tma_smem,3,58,60,1,2,2.230384,2.181776,2.254288,no_pf_tma_smem,2.102848,0.942819,-6.0649,no_pf_tma_smem,0.942819,-6.0649
8,384,0,actcomp,actcomp_packed_smem_producer,tma,pf64x2_current_tma_smem,3,58,60,1,2,2.101856,2.100768,2.107040,no_pf_tma_smem,2.102848,0.998010,-0.1993,no_pf_tma_smem,0.998010,-0.1993
8,384,128,actcomp,actcomp_packed_smem_producer,cta_nc,no_pf_cta_nc_actcomp_smem,3,58,60,1,2,2.026912,1.996400,2.035264,no_pf_tma_smem,2.108928,1.041174,3.9546,no_pf_cta_nc_actcomp_smem,1.000000,0.0000
8,384,128,actcomp,actcomp_packed_smem_producer,cta_nc,pf128_current_cta_nc_actcomp_smem,3,58,60,1,2,2.047248,2.014816,2.047648,no_pf_tma_smem,2.108928,1.030832,2.9909,no_pf_cta_nc_actcomp_smem,0.990860,-0.9225
8,384,128,actcomp,actcomp_packed_smem_producer,cta_nc,pf32x4_current_cta_nc_actcomp_smem,3,58,60,1,2,2.047840,2.012784,2.050576,no_pf_tma_smem,2.108928,1.030534,2.9629,no_pf_cta_nc_actcomp_smem,0.991860,-0.8207
8,384,128,actcomp,actcomp_packed_smem_producer,cta_nc,pf32x4_current_wait0_cta_nc_actcomp_smem,3,58,60,1,2,2.119088,2.117152,2.120352,no_pf_tma_smem,2.108928,0.995205,-0.4818,no_pf_cta_nc_actcomp_smem,0.957377,-4.4521
8,384,128,actcomp,actcomp_packed_smem_producer,tma,no_pf_tma_smem,3,58,60,1,2,2.108928,2.105264,2.110368,no_pf_tma_smem,2.108928,1.000000,0.0000,no_pf_tma_smem,1.000000,0.0000
8,384,128,actcomp,actcomp_packed_smem_producer,tma,pf128_current_tma_smem,3,58,60,1,2,2.129456,2.112880,2.131456,no_pf_tma_smem,2.108928,0.990106,-0.9993,no_pf_tma_smem,0.990106,-0.9993
8,384,128,actcomp,actcomp_packed_smem_producer,tma,pf32x4_current_tma_smem,3,58,60,1,2,2.105760,2.096784,2.106592,no_pf_tma_smem,2.108928,1.002188,0.2184,no_pf_tma_smem,1.002188,0.2184
8,384,128,actcomp,actcomp_packed_smem_producer,tma,pf32x4_current_wait0_tma_smem,3,58,60,1,2,2.253920,2.211408,2.267008,no_pf_tma_smem,2.108928,0.936310,-6.8022,no_pf_tma_smem,0.936310,-6.8022
8,384,128,actcomp,actcomp_packed_smem_producer,tma,pf64x2_current_tma_smem,3,58,60,1,2,2.107696,2.104960,2.110304,no_pf_tma_smem,2.108928,1.000030,0.0030,no_pf_tma_smem,1.000030,0.0030
8,384,512,actcomp,actcomp_packed_smem_producer,cta_nc,no_pf_cta_nc_actcomp_smem,3,58,60,1,2,2.006640,1.994112,2.045456,no_pf_tma_smem,2.110544,1.051780,4.9231,no_pf_cta_nc_actcomp_smem,1.000000,0.0000
8,384,512,actcomp,actcomp_packed_smem_producer,cta_nc,pf128_current_cta_nc_actcomp_smem,3,58,60,1,2,2.045600,2.014448,2.057744,no_pf_tma_smem,2.110544,1.031748,3.0771,no_pf_cta_nc_actcomp_smem,0.989905,-1.0198
8,384,512,actcomp,actcomp_packed_smem_producer,cta_nc,pf32x4_current_cta_nc_actcomp_smem,3,58,60,1,2,2.047600,2.023104,2.049536,no_pf_tma_smem,2.110544,1.033288,3.2215,no_pf_cta_nc_actcomp_smem,0.985670,-1.4539
8,384,512,actcomp,actcomp_packed_smem_producer,cta_nc,pf32x4_current_wait0_cta_nc_actcomp_smem,3,58,60,1,2,2.115152,2.107072,2.117200,no_pf_tma_smem,2.110544,0.999514,-0.0486,no_pf_cta_nc_actcomp_smem,0.947780,-5.5097
8,384,512,actcomp,actcomp_packed_smem_producer,tma,no_pf_tma_smem,3,58,60,1,2,2.110544,2.106048,2.115760,no_pf_tma_smem,2.110544,1.000000,0.0000,no_pf_tma_smem,1.000000,0.0000
8,384,512,actcomp,actcomp_packed_smem_producer,tma,pf128_current_tma_smem,3,58,60,1,2,2.127456,2.116144,2.131920,no_pf_tma_smem,2.110544,0.992420,-0.7638,no_pf_tma_smem,0.992420,-0.7638
8,384,512,actcomp,actcomp_packed_smem_producer,tma,pf32x4_current_tma_smem,3,58,60,1,2,2.102256,2.099712,2.103200,no_pf_tma_smem,2.110544,1.003492,0.3480,no_pf_tma_smem,1.003492,0.3480
8,384,512,actcomp,actcomp_packed_smem_producer,tma,pf32x4_current_wait0_tma_smem,3,58,60,1,2,2.255120,2.229376,2.258512,no_pf_tma_smem,2.110544,0.938203,-6.5868,no_pf_tma_smem,0.938203,-6.5868
8,384,512,actcomp,actcomp_packed_smem_producer,tma,pf64x2_current_tma_smem,3,58,60,1,2,2.102368,2.101440,2.104080,no_pf_tma_smem,2.110544,1.003889,0.3874,no_pf_tma_smem,1.003889,0.3874
